date,ppo_agent,buy_and_hold,monthly_rebalance
2019-01-02,100000.0,,
2019-01-03,100120.32370373607,99285.50452862587,99285.50452862587
2019-01-04,100507.08621422881,100415.18397805575,100375.27289428232
2019-01-07,99752.08564867055,100822.88010743825,100784.83363930415
2019-01-08,100098.25547390478,101085.29396734199,101051.9442270647
2019-01-09,99842.55089019431,101440.83488868579,101411.40781033697
2019-01-10,100473.54387919125,101326.00033998693,101302.60522139678
2019-01-11,99894.24592853471,101379.2715211725,101351.42315077824
2019-01-14,100062.9749441904,101051.06349293514,101017.68803168263
2019-01-15,100286.00091495116,101570.56986377291,101550.25996776597
2019-01-16,100129.04341902187,101697.60926000457,101677.06428481884
2019-01-17,100443.50556207041,101996.27378515925,101984.6196701393
2019-01-18,100322.58815349457,102186.26028641006,102196.2141302028
2019-01-22,99457.64959121759,101710.01672712357,101682.69656177868
2019-01-23,99792.23369283065,101742.03180244257,101717.56982328508
2019-01-24,99656.99813138587,101993.70012460431,101969.62623113845
2019-01-25,99511.52704224703,102610.53505366376,102596.52252819807
2019-01-28,100937.54202181796,102252.46009308795,102222.84441314325
2019-01-29,101273.20601663577,102248.4291234279,102207.78864991682
2019-01-30,101825.38748664712,103199.80323466864,103179.60903750667
2019-01-31,102414.74963572348,103884.9396651087,103875.1575141058
2019-02-01,102484.8525052828,103641.59698613065,103629.99884998394
2019-02-04,102277.53974705616,103862.47289151711,103851.09011021891
2019-02-05,101854.5476741825,104279.96322052908,104269.44248710613
2019-02-06,102121.4290158638,104065.32775312045,104054.73262926488
2019-02-07,101446.45748649086,103777.45434704995,103760.1332098633
2019-02-08,101673.53450954688,104014.70082443567,103997.0963398464
2019-02-11,102053.29181651046,103822.71729891992,103805.35291067207
2019-02-12,101562.24765070967,104385.74205696827,104369.29352619112
2019-02-13,101785.5158507408,104308.48600068499,104294.36996186597
2019-02-14,101392.32074123714,104529.05388030816,104511.72523235163
2019-02-15,101948.29426741162,105005.87086489957,104990.21560627996
2019-02-19,102549.46365382613,105458.75058235068,105440.37767938367
2019-02-20,104067.72873886609,105400.58958286514,105383.37626056142
2019-02-21,103891.00754795037,104827.51257411897,104810.80963649786
2019-02-22,102736.672377024,105312.98571545049,105297.92134194453
2019-02-25,103109.80677516382,105334.2045928932,105321.87793563123
2019-02-26,103006.44631712687,105480.56349890154,105466.12896902418
2019-02-27,103178.13584325637,105075.34653471102,105065.14782404953
2019-02-28,102457.47256440723,104798.25665051249,104789.1447830712
2019-03-01,101892.04308732394,104526.7993611471,104531.5381051069
2019-03-04,100205.65643865275,104567.10153832418,104570.91435223338
2019-03-05,99952.39508408902,104623.60166275817,104626.97323303198
2019-03-06,100081.16323414129,104439.88815070584,104442.25064173923
2019-03-07,99988.92773178343,104130.87582124757,104133.37840716506
2019-03-08,99900.5855493994,104377.10367360857,104378.43727331042
2019-03-11,100967.1625597692,104946.4297015843,104940.41163310556
2019-03-12,100506.6626584798,105418.94439672513,105413.21882378178
2019-03-13,101109.22759874407,105828.4391093874,105821.05041074436
2019-03-14,101804.1163323126,105381.73803348263,105375.45098758565
2019-03-15,100656.20277459448,105923.03801889629,105918.80660106876
2019-03-18,101122.40592133842,106046.33810336103,106043.04294058436
2019-03-19,101180.9195815717,106140.21845623034,106137.00588593904
2019-03-20,101453.67092893446,106522.10904945692,106518.27158435623
2019-03-21,102100.67541808035,107058.80938621228,107063.84606293934
2019-03-22,101738.0726749652,106565.05267540069,106552.64096208094
2019-03-25,101936.56154193793,106705.91766339155,106691.1648884583
2019-03-26,102683.28873514473,106846.97611534555,106832.17647938544
2019-03-27,102208.6332803138,106680.93482822865,106671.15758986813
2019-03-28,101690.3105306918,106589.24147991539,106587.81341171252
2019-03-29,100331.59224570202,106886.03051657138,106884.72500740425
2019-04-01,100432.34714247128,107034.980862488,107028.58217434333
2019-04-02,100062.53554146308,107251.28903639968,107244.90106083111
2019-04-03,100426.81645349291,107186.82513675113,107185.47570630917
2019-04-04,100280.4550971687,107360.5769492866,107357.97245172529
2019-04-05,100531.71187364846,107578.45888493373,107578.57064797459
2019-04-08,100435.77144832347,107670.67935884904,107673.31781798485
2019-04-09,100855.87575509031,107661.25864350126,107658.3142346816
2019-04-10,101360.56343349552,107974.66525767023,107973.49409549613
2019-04-11,101670.61631207842,107520.23900140173,107520.38527504264
2019-04-12,100409.72176770316,107584.38737880303,107593.0100281164
2019-04-15,100316.42338299876,107585.57296882056,107592.48851244655
2019-04-16,100134.23335692531,107350.07896676502,107365.47440245967
2019-04-17,99264.19821731062,107346.0061715398,107363.0677750605
2019-04-18,99081.19163772915,107542.31789792154,107557.01786625649
2019-04-22,99158.98150800633,107518.43631421679,107539.02942417361
2019-04-23,99157.24386926083,107986.3319541134,108021.15432007547
2019-04-24,98973.79025873916,108117.26454971293,108139.08316159979
2019-04-25,99256.09524658945,108182.0629420192,108207.96047332295
2019-04-26,99336.60186604976,108521.29986299957,108544.36545935553
2019-04-29,99981.03511093979,108362.39810619017,108394.74372174074
2019-04-30,99546.8559077229,108382.885774053,108401.55930484564
2019-05-01,99839.4583068476,108100.06809117008,108108.6249210466
2019-05-02,99195.69043739687,107777.90592541656,107786.37039145603
2019-05-03,98819.21047858837,108521.44674260955,108528.11163812177
2019-05-06,99407.98326898695,108389.68861675264,108395.4091848757
2019-05-07,99529.80491901579,107845.20365914259,107852.09120894525
2019-05-08,99830.49650527928,107614.21308578926,107620.3188557427
2019-05-09,99584.00873953587,107578.93439700548,107589.16679652673
2019-05-10,99813.49359243923,107725.3513004291,107732.91898542212
2019-05-13,100000.25551949875,106829.41211974851,106862.7272121063
2019-05-14,100958.74834033265,107159.62878463266,107173.58128109817
2019-05-15,100801.74286916583,107707.25791159149,107710.37626934295
2019-05-16,100770.12744673951,107902.47503309253,107890.17511632589
2019-05-17,100080.52436405791,107437.73089726656,107432.24090324067
2019-05-20,99380.7451973223,106884.84774580436,106890.0509150173
2019-05-21,99354.01812160663,107221.16607747281,107212.5409108508
2019-05-22,99140.79199538362,107163.32108615259,107162.00180280826
2019-05-23,99042.86978563467,106986.12230604207,107009.57229208444
2019-05-24,99774.65711784922,107067.1996505114,107091.02507202944
2019-05-28,99880.19316538019,106858.7044674862,106898.03596672985
2019-05-29,99499.94249102163,106611.32814153828,106668.115472867
2019-05-30,99521.447059567,107092.98278456111,107156.36521452267
2019-05-31,100188.12598842687,107025.2799799947,107142.20499104628
2019-06-03,101463.66439330143,106959.61841511326,107128.58355957044
2019-06-04,102810.40377897106,107787.29280107455,107942.06326047785
2019-06-05,102913.18221921888,108075.34627216884,108234.35148761864
2019-06-06,103182.2117379287,108531.90814421535,108693.79702270872
2019-06-07,103529.55929276346,109480.50780455237,109648.00736339718
2019-06-10,104133.62307540586,109416.11467514739,109593.65497597726
2019-06-11,103142.74330199012,109425.92258184223,109604.0286220792
2019-06-12,103023.40246898313,109393.18737382615,109564.90484568336
2019-06-13,103536.7013507751,109832.1627952954,110007.57407460119
2019-06-14,104159.45637799233,109764.7992058134,109935.28032291881
2019-06-17,104125.58962473947,109929.89834644586,110102.99478445134
2019-06-18,104066.73462958346,110701.03662277044,110886.85254741657
2019-06-19,104597.72432127193,111000.0532690892,111189.35085830675
2019-06-20,105213.56923907327,112048.22259113165,112250.3027815525
2019-06-21,107782.82430389189,111882.90384528635,112093.68065953185
2019-06-24,108458.57671461541,112355.38491964964,112566.66962285804
2019-06-25,110017.05797617907,111862.42685291109,112054.29624764805
2019-06-26,110202.0720615756,111599.96930745317,111789.38133302139
2019-06-27,109222.70045758714,111905.9308899661,112092.46830761066
2019-06-28,109132.03968725598,112091.37096835315,112283.55209658666
2019-07-01,109421.8795167238,112112.59439139634,112302.08353685272
2019-07-02,107401.97384382506,112915.77595214017,113098.50668621353
2019-07-03,109615.29536514968,113470.6639636933,113656.25303001664
2019-07-05,109817.75796518863,112838.42179894725,113024.44189611437
2019-07-08,108623.2753071435,112445.71184025626,112628.86084769332
2019-07-09,107937.0675906798,112656.67128403578,112840.53219609217
2019-07-10,108306.73940653772,113224.5897320804,113408.9211329869
2019-07-11,109962.04170926708,112771.76525450821,112961.10434892785
2019-07-12,109055.45151150915,113165.86418646594,113358.57802531832
2019-07-15,109719.83812362593,113382.39216782562,113573.95349023186
2019-07-16,109728.11752558776,112928.92171524854,113118.70617583061
2019-07-17,108826.11129710852,113286.04536221469,113460.63254311797
2019-07-18,110547.91190067273,113722.65787099612,113898.73579192102
2019-07-19,112038.84317471516,113039.20180786605,113208.53031246812
2019-07-22,110439.94785942868,113320.33478099623,113492.34691887019
2019-07-23,110433.55602484947,113376.87872233526,113554.98397844563
2019-07-24,109842.59238344968,113856.41275471132,114037.80522066753
2019-07-25,110392.43334595185,113263.95833196388,113440.09573711616
2019-07-26,109620.88722356304,113741.88570600776,113925.09786840399
2019-07-29,109813.31099212714,113780.83388628424,113959.19907428502
2019-07-30,110514.91063805445,113760.30875416467,113933.58720213384
2019-07-31,110868.84100102902,113081.34196875525,113240.35359846902
2019-08-01,109444.97748904183,113774.65681032072,113923.43811234365
2019-08-02,111989.23222298107,113395.90441617482,113551.72836993363
2019-08-05,111555.03839795025,112625.79936649928,112827.30969447353
2019-08-06,112981.18507542915,113622.15942203364,113812.1258822206
2019-08-07,113916.96998027162,114113.69388781505,114311.67820748201
2019-08-08,115572.55735283389,115226.12219418485,115393.08269372316
2019-08-09,116224.12826363191,114732.16263068389,114905.39832305671
2019-08-12,115819.95032735134,114892.56542515302,115115.05882499549
2019-08-13,116862.36478392327,115535.70385396201,115704.6733247218
2019-08-14,116317.08840195292,114844.8205109546,115096.04621948283
2019-08-15,116957.46545779667,115297.73004644271,115576.61094111638
2019-08-16,117709.85401451128,115673.65581867236,115883.66697072859
2019-08-19,117013.70710104078,115718.85230852861,115857.43870691623
2019-08-20,115708.90633287623,115786.21379529106,115959.41501548931
2019-08-21,116570.3151864653,115952.57827631742,116093.68610004745
2019-08-22,116229.23832352282,115657.54075156598,115789.4180416624
2019-08-23,115933.78833189231,115170.91040338727,115392.55364813737
2019-08-26,118039.6556060913,115679.47826007276,115856.8390167186
2019-08-27,118084.81080405024,116119.90341960981,116343.7228360677
2019-08-28,119175.84776109707,116331.01716396281,116538.46496704509
2019-08-29,118869.63292513827,116733.28190044407,116886.44659926706
2019-08-30,118084.87105449053,116611.31190646985,116765.11565191645
2019-09-03,117788.30074587962,116609.04822777477,116791.72857082031
2019-09-04,119332.69280978794,117395.12483585715,117576.30319502318
2019-09-05,120085.26790302346,117134.0735887088,117307.65325713293
2019-09-06,117321.63878215093,117102.34605125544,117274.1088943541
2019-09-09,116364.97309974021,116559.58999845113,116736.51662419457
2019-09-10,115928.67769364506,115874.71417650979,116062.74054863292
2019-09-11,114959.55213050699,116360.66391134016,116557.75042522357
2019-09-12,115634.06144078962,116435.5298164758,116643.56299710835
2019-09-13,115855.01566476033,115646.7219434613,115878.0157194064
2019-09-16,114930.12101131631,115959.81682642976,116163.16051431127
2019-09-17,115836.12341865688,116301.59269760324,116503.15854586032
2019-09-18,116064.87903824876,116260.44311442874,116458.78387604872
2019-09-19,115386.3471849407,116461.68539124822,116656.41175531622
2019-09-20,115831.36672697609,116690.35082733996,116856.00171088148
2019-09-23,117137.74434942221,116822.97337059402,116988.23601172082
2019-09-24,117766.87422817192,116736.61357066827,116881.89404475133
2019-09-25,118359.09141396021,116364.39883492269,116518.7161308709
2019-09-26,116229.4030010527,116377.56682272573,116523.89054800688
2019-09-27,116198.56730860185,115902.84615991818,116041.20992253312
2019-09-30,115604.15248788944,115932.11024250454,116077.34248407588
2019-10-01,113875.32177753445,115666.84619607341,115794.46660133034
2019-10-02,114469.7437114232,115195.3724588586,115331.17745864335
2019-10-03,115750.50289525001,115959.86888348025,116092.37833914778
2019-10-04,116281.04277574264,116794.86077635457,116918.925373551
2019-10-07,116308.82178385966,116228.66588512281,116348.53183161978
2019-10-08,115333.31550507693,115785.3884605168,115914.94133713162
2019-10-09,116292.76194591745,116121.74465917135,116240.22523477154
2019-10-10,116404.95664167964,115918.44265100049,116024.30789611349
2019-10-11,115417.22365740445,116035.71144355187,116138.11349095579
2019-10-14,,116272.98141952768,116373.4059804454
2019-10-15,114804.44774869233,116355.71406987202,116459.60414038545
2019-10-16,114044.5529533911,116426.49740204256,116528.61207367592
2019-10-17,114664.90056663792,116541.69332333597,116646.7242972296
2019-10-18,114823.89978598291,116190.81446792692,116290.52608653906
2019-10-21,114696.54593137333,116266.69235930745,116372.79598266618
2019-10-22,114181.36496760101,116209.71461662615,116306.97828856537
2019-10-23,114497.80464063936,116400.2202951709,116498.42272348278
2019-10-24,114759.69187838367,116785.77344668571,116890.39612992214
2019-10-25,115553.21103766657,117012.53686358308,117126.01361957079
2019-10-28,,116961.15936147797,117087.54042543375
2019-10-29,115818.14592410868,116723.5358165204,116841.84249930209
2019-10-30,115502.63752621267,117380.18323661132,117488.84720268863
2019-10-31,116135.88702392051,117890.41417727899,117988.2729586675
2019-11-01,117272.56008485326,118271.07107160226,118376.40742987645
2019-11-04,117385.78393130397,118135.20072937262,118243.95178779028
2019-11-05,117053.55782308613,117469.76498426289,117584.20434318048
2019-11-06,115211.10258839135,117667.41179370819,117776.23102013415
2019-11-07,115693.66862325027,117039.5782813249,117162.98733663169
2019-11-08,113955.79652386518,116945.39860636242,117078.83995779003
2019-11-11,,116826.65317428522,116958.85393325274
2019-11-12,113260.79533821465,117117.9413316252,117248.21180448227
2019-11-13,113562.01913410494,117377.07289102278,117500.40771989751
2019-11-14,114007.85448320498,117740.1493427093,117854.75440617713
2019-11-15,114481.99656009731,117998.47876065364,118123.15384814383
2019-11-18,114210.421765978,118147.32788010202,118269.9788486832
2019-11-19,114541.48272575362,118382.0949042478,118500.82680089568
2019-11-20,114606.45040272805,118408.99160444566,118517.13988714303
2019-11-21,114662.28762420698,118042.38848121138,118153.27860558163
2019-11-22,114044.17720856823,118098.17854958231,118211.7130504247
2019-11-25,,118519.11673715059,118646.80899654944
2019-11-26,113841.66422146729,118870.74356429535,118995.3473739585
2019-11-27,114377.3788114377,118949.95668853761,119088.06069730832
2019-11-29,113809.31703709664,118847.90998448034,118972.95717542124
2019-12-02,114481.09337151253,118075.5514583997,118187.86904473888
2019-12-03,114399.6536469844,118462.13411730442,118573.84784846201
2019-12-04,115471.2066848255,118457.2280657023,118562.48693160285
2019-12-05,115316.67809483252,118447.1987375831,118551.83402121063
2019-12-06,115379.00617339835,118555.0265770631,118654.7721336834
2019-12-09,114275.7778326333,118415.27697149507,118513.80115850244
2019-12-10,114239.91598461938,118437.99290338017,118536.60173263545
2019-12-11,114552.69113759097,118982.14831360044,119080.36022782292
2019-12-12,115330.0990405198,118891.45342276893,118990.20357523044
2019-12-13,114932.34352549975,119371.99763815412,119466.78285246712
2019-12-16,115443.55535011039,119557.1901854518,119657.058038536
2019-12-17,115438.5597643598,119542.3124056533,119643.13687622543
2019-12-18,115412.69530948515,119367.46614417672,119473.1549593214
2019-12-19,115412.956716528,119714.59624033334,119823.47981973103
2019-12-20,115710.31478040633,119976.0483796044,120087.65323513823
2019-12-23,115829.74101958318,120110.57428318144,120225.69067654724
2019-12-24,116177.74356814862,120425.56684505913,120539.82658326787
2019-12-26,117245.70361134376,121011.44485487806,121132.79949687122
2019-12-27,118149.53985156798,121007.42037228105,121126.97119987466
2019-12-30,118108.24403099265,120680.47085944569,120797.7583472492
2019-12-31,118339.61409550886,120598.2729398274,120726.70678530858
2020-01-02,118552.01181749349,121680.54242743755,121811.14184823686
2020-01-03,119427.74638087788,121971.03446175806,122100.50963539621
2020-01-06,120965.06073409997,122336.4433678652,122465.06211682972
2020-01-07,122198.89279438838,122244.66681446138,122374.55932245395
2020-01-08,122658.6786913178,122215.9095337472,122340.01676582481
2020-01-09,121767.87392093963,122536.43544579757,122659.33276170159
2020-01-10,121115.59641571179,122766.59071468526,122889.14706920132
2020-01-13,121827.48158150724,122964.27679894395,123086.53455817333
2020-01-14,120965.42727503409,122934.54118505368,123054.80266370763
2020-01-15,120859.74160984402,123311.10281708144,123432.49213883997
2020-01-16,121546.72498055827,123640.65739582169,123764.01649476666
2020-01-17,121377.3137613819,123674.23244201361,123799.73091012468
2020-01-21,121591.74883689666,123903.83007441754,124027.26457443091
2020-01-22,121728.78330000472,124067.8052346059,124193.04324920477
2020-01-23,121775.59643693111,124410.08584282562,124538.10951759355
2020-01-24,122052.80891241688,124328.3890071007,124452.84494539366
2020-01-27,122727.33896808042,123974.90794864685,124101.77928535458
2020-01-28,123490.14499340153,124200.07650192619,124310.43399656509
2020-01-29,122463.82901362216,124599.67408715934,124717.92488813362
2020-01-30,123114.13372012552,124776.70137344464,124894.62169959822
2020-01-31,123134.06420127233,124304.70835003364,124432.28890444581
2020-02-03,123748.63303080625,124683.63490333379,124799.83959814147
2020-02-04,123057.34018550263,124969.70809612029,125099.10646913733
2020-02-05,121562.78889934893,125100.46656619305,125242.27063073553
2020-02-06,121707.15236263334,125645.91342261541,125791.37040487633
2020-02-07,122360.6207500479,125790.80915131455,125917.10713402499
2020-02-10,122675.14993835105,126417.0215912637,126555.20904060325
2020-02-11,123005.03852443224,126253.02765692965,126397.17193417376
2020-02-12,122591.31229453011,126510.967205464,126674.00232185567
2020-02-13,122504.57075956697,126697.25088250866,126850.50364331376
2020-02-14,123181.33463006132,127029.51240347256,127181.5809633624
2020-02-18,123686.77028016759,127473.46126668819,127611.92619174586
2020-02-19,125224.94294986408,127988.96312405176,128139.21740334049
2020-02-20,125946.57626103316,127951.23622913656,128079.88117746214
2020-02-21,126426.94925110157,127828.90440445482,127923.8533142659
2020-02-24,128211.88459206109,126606.48220800908,126668.9395499203
2020-02-25,129256.50339844871,124839.75125393705,124907.97667425043
2020-02-26,126961.25733501012,124853.49352331224,124920.10292033374
2020-02-27,127496.08146202228,122768.68226444983,122901.46165987542
2020-02-28,127437.50560558047,122358.62773535035,122488.20502467842
2020-03-02,122953.29296882663,124645.25242146902,124631.86901469262
2020-03-03,123672.68176041196,124325.27756999238,124248.42892231408
2020-03-04,127425.6868939187,126196.44973658335,126121.38931766193
2020-03-05,127689.70994326171,125786.85738061255,125652.86565136397
2020-03-06,130320.17391125081,126272.2035209464,126133.68109589886
2020-03-09,130390.44041394119,123287.77946870448,123268.51408935245
2020-03-10,130486.65623737249,124108.76098587541,123745.94061572406
2020-03-11,127896.77406420412,120820.3452639333,120497.86128050848
2020-03-12,127322.98027821253,115483.00566389198,115346.47278541092
2020-03-13,122301.39532053481,118176.54433053875,117567.58028963188
2020-03-16,118958.4120581596,114025.69068949755,113703.45806173311
2020-03-17,117495.93800330427,115777.056894994,114893.96953224162
2020-03-18,119034.45176174416,112157.81897578695,111371.3323774402
2020-03-19,116609.36444802849,112520.68610831798,111714.26641427477
2020-03-20,114568.60520988028,112705.03509488606,112137.98035348683
2020-03-23,116217.13723369798,114063.6360611058,113717.39283648983
2020-03-24,121146.30966092041,118587.78933462531,117660.53565644866
2020-03-25,126902.6096488108,118395.07382948446,117402.85167957071
2020-03-26,125255.66538154478,121440.51742587615,120185.57615193274
2020-03-27,126897.59318796401,120373.1598286713,119277.51113174768
2020-03-30,126087.52242113173,121932.0114445952,120650.43828089772
2020-03-31,126667.71145433672,120385.67924870478,119114.89563635783
2020-04-01,122745.05689545209,118851.47873118537,117783.26665582634
2020-04-02,123691.17008059591,120422.92849885483,119321.1603401302
2020-04-03,125701.44826655215,119900.53328426005,118823.57185065717
2020-04-06,126264.24664668806,123829.65737823554,122629.82785324687
2020-04-07,129771.00148077401,123464.02046638232,122265.24772647106
2020-04-08,129085.38285368746,124404.22028633764,123199.53456499588
2020-04-09,128031.99290620658,125518.50991242945,124320.79678273945
2020-04-13,131248.05227925527,125759.32845697728,124575.09104490945
2020-04-14,133406.3066732569,127791.32017319485,126637.48124072076
2020-04-15,134474.2590334136,127499.40434272953,126267.4338394289
2020-04-16,133813.2220001535,128357.39253732105,127126.45475698271
2020-04-17,133736.9884477049,128453.89632066489,127243.78762619599
2020-04-20,131237.94765992934,128089.06215130906,126836.54733968135
2020-04-21,132121.4867517661,126513.64724870378,125194.13340206361
2020-04-22,131210.16971979322,128065.30861763912,126766.44075878008
2020-04-23,133735.57907999685,128395.16015748271,127093.72819786659
2020-04-24,135029.52210425903,129112.9027194638,127819.31611117585
2020-04-27,134486.73890526395,129033.80771195397,127771.43569401263
2020-04-28,133612.22964336557,128618.1209775252,127310.41468493214
2020-04-29,133028.40340289008,130205.6139544378,128952.27037665699
2020-04-30,133775.89652961606,129181.30029915259,127935.0134934857
2020-05-01,131395.94895711215,128150.03852550959,126808.56157273074
2020-05-04,132158.32855902473,128486.49458856974,127133.43130981417
2020-05-05,132611.94789064684,128962.05059607532,127596.47524201669
2020-05-06,133165.83297125195,128193.58527395566,126832.9025408223
2020-05-07,131477.38624164296,129655.01871491288,128276.08253872418
2020-05-08,133476.5346215062,129948.82936635206,128564.59537489226
2020-05-11,132697.19030985233,129816.88711554577,128442.47547575568
2020-05-12,131883.9252723616,129125.60366835257,127733.13216671151
2020-05-13,132372.08682189483,128774.82959525172,127386.7260643742
2020-05-14,133603.36729066138,129857.75630879002,128455.36779866187
2020-05-15,134781.05581668866,130227.84985641287,128823.24569552283
2020-05-18,135528.77295814303,130737.66052781406,129315.0192347273
2020-05-19,134535.45201395152,130753.70351953717,129328.17408744976
2020-05-20,135800.10266077018,131860.51228724173,130431.7640357326
2020-05-21,136137.9918245904,131070.33970127553,129631.31956534825
2020-05-22,134188.77762205858,131525.7665765675,130081.70617492087
2020-05-26,134973.60030154168,131049.79881406284,129613.01810590392
2020-05-27,133089.2074202299,131579.55471864546,130148.98021902851
2020-05-28,133334.17027492146,131490.42650566754,130061.79986024894
2020-05-29,133766.8391335752,132369.51296785023,130939.23786291586
2020-06-01,134744.77479865155,132502.1779651632,131080.01258613856
2020-06-02,135350.3113215597,132631.37575401206,131208.9592322547
2020-06-03,134497.47899762559,132259.21187392154,130851.49044450824
2020-06-04,132065.2279834883,131897.25735987147,130492.03602440812
2020-06-05,133409.9506655125,132373.6193486787,130996.55165360705
2020-06-08,130786.69011650974,133287.3505985301,131908.58083884578
2020-06-09,132182.08357933786,133841.5269504041,132430.4881271422
2020-06-10,133434.22423122535,134793.76886086288,133352.20591403462
2020-06-11,135316.5634456517,132223.76323911725,130702.70555133212
2020-06-12,134305.7713284912,132533.14807244053,131004.98105777492
2020-06-15,134494.03874604744,133065.75067027894,131534.55604329146
2020-06-16,134271.70196713123,133613.82786573312,132091.3031887512
2020-06-17,134214.03878793193,133748.90825381863,132221.4723424682
2020-06-18,134466.30385378902,134064.6511803088,132529.2920847926
2020-06-19,134219.72803107434,134224.34918249265,132680.07672197503
2020-06-22,135654.21340658574,134895.29708020983,133353.5735067408
2020-06-23,136522.8193498731,135294.32492405915,133761.16825575952
2020-06-24,137647.358397188,134239.7489548751,132678.0882726839
2020-06-25,137158.68661988876,134844.3733606323,133279.97122236344
2020-06-26,137091.78000729598,133978.41182856372,132397.63549021838
2020-06-29,137668.38010378607,134592.22580635964,133002.11850261825
2020-06-30,137753.9817042687,135458.3473266529,133869.8133809837
2020-07-01,138368.24636410616,135785.41592555013,134202.6890968506
2020-07-02,137769.49408495642,136206.22402969195,134620.4310455133
2020-07-06,138068.6299565174,137350.50358660953,135762.27887110895
2020-07-07,138897.08044797336,137437.40222308142,135829.8963857675
2020-07-08,139754.74252647843,138068.16297409605,136461.46018365934
2020-07-09,140613.18562194335,138511.0390253901,136899.25752068922
2020-07-10,140255.72748545778,138771.96190835614,137163.79978795254
2020-07-13,139905.83253160035,138089.45575267612,136463.76313396782
2020-07-14,140061.57239501752,138811.36723284918,137181.58477350362
2020-07-15,140714.21068038934,139017.82043391696,137389.75421412045
2020-07-16,140838.9621987378,138603.3081774943,136974.42262397494
2020-07-17,139534.51655435545,138886.07035640182,137252.7497059397
2020-07-20,140660.10988291685,140103.31924766305,138475.10245171504
2020-07-21,141349.57616840376,140225.35269382398,138580.26860990372
2020-07-22,143011.44227290942,140991.44916476595,139341.6022454745
2020-07-23,145145.93963014617,140496.69027072066,138823.08359103138
2020-07-24,146383.5876303632,140288.3032778506,138619.06241487275
2020-07-27,147600.62275133972,141446.18629712096,139779.49852101892
2020-07-28,150463.37110255845,141338.47807378703,139678.04735849675
2020-07-29,151683.99475433372,142173.53306604893,140512.05097554342
2020-07-30,152812.66392907294,142197.88625289223,140522.39214045266
2020-07-31,151714.79872700205,143172.90069869655,141500.23890613037
2020-08-03,153082.05004619158,143648.5341186261,141976.10174218292
2020-08-04,153261.65475969765,144751.3166381139,143063.93871402022
2020-08-05,156461.33542897206,145015.89729728506,143330.4973737079
2020-08-06,157878.30087217063,146140.89183311764,144450.2287464376
2020-08-07,159946.22873179056,145165.38959204374,143474.53094744036
2020-08-10,157448.35593550614,144897.809878489,143211.04666545318
2020-08-11,156910.3806835929,142209.20238634048,140534.43086868612
2020-08-12,148637.53070333196,142927.0732402895,141264.22193430475
2020-08-13,147971.72251993508,143310.17394222552,141629.70341448314
2020-08-14,151371.91493102643,143044.46822788497,141372.43829527625
2020-08-17,150731.39179627135,144162.632504202,142476.5477881373
2020-08-18,153933.46500599373,144965.748983291,143269.6792303231
2020-08-19,155297.86478764887,143553.55628871857,141871.1097642468
2020-08-20,150494.56006113446,144499.25436021236,142807.46710671205
2020-08-21,151527.97801834517,144743.72183599637,143057.72064001634
2020-08-24,150351.31885294907,145006.96965474426,143341.3303255538
2020-08-25,149527.0274861279,145147.1664365671,143503.41844956414
2020-08-26,149703.90506745543,146289.390713813,144674.19657432663
2020-08-27,151449.89573195897,145428.87547723102,143859.8828910731
2020-08-28,149718.25091385716,146251.16503723367,144675.94530602774
2020-08-31,152274.4315834192,146641.58913530287,145057.9783521226
2020-09-01,152637.15537405288,147787.8420101331,146211.88644407893
2020-09-02,152840.94796278625,148391.1913964626,146815.5268762865
2020-09-03,150899.73713277426,145706.263055311,144131.8013039104
2020-09-04,149654.14001485513,144607.08730573498,143035.01526838812
2020-09-08,150030.92427239986,142548.79715056688,141040.53508772005
2020-09-09,149714.2331627317,144149.44512510704,142564.88265007574
2020-09-10,151162.1511376837,143127.69816071278,141585.712498523
2020-09-11,150666.92734875876,143003.05944975314,141474.94733403876
2020-09-14,150656.53696963136,144101.8663383251,142528.17136475493
2020-09-15,151841.38953557526,144516.91299121393,142913.25372592843
2020-09-16,151493.90647820572,143936.90833312616,142357.1158058456
2020-09-17,151902.71894875471,143163.93064885607,141618.43606783287
2020-09-18,151075.4089206056,142417.439032309,140904.14988195678
2020-09-21,151254.19014203767,141741.11833453405,140231.17318468593
2020-09-22,148270.59833550753,142396.67418620008,140838.03624050337
2020-09-23,147579.31114743045,140289.41900957844,138813.98260719393
2020-09-24,144423.37828247124,140706.6566030193,139221.60890745805
2020-09-25,144956.2839597871,141735.66207291078,140186.39934760617
2020-09-28,144571.2652578871,142999.74587460238,141388.84882418418
2020-09-29,146015.9424774577,142991.77363705426,141384.62429341197
2020-09-30,147219.1463949386,142956.05387700853,141327.1909127424
2020-10-01,146352.38366008125,143898.96598855127,142236.63736394912
2020-10-02,147645.3484944195,142680.28420782005,141025.18617876494
2020-10-05,147495.34655338904,143376.35261285363,141707.57326633073
2020-10-06,148202.79113401263,142276.8507435926,140606.31971045843
2020-10-07,146483.97183209306,143041.48482744297,141364.42116500196
2020-10-08,146430.78181794524,143703.48721314853,142020.3737550486
2020-10-09,146952.5738637891,144915.88745636886,143226.99496028305
2020-10-12,,146288.61676403022,144602.99409354798
2020-10-13,149574.98266506908,145845.99812271347,144154.0142912657
2020-10-14,147270.51270746617,145570.81554528358,143864.91217792852
2020-10-15,147711.0633024971,145397.9410247836,143686.9963152976
2020-10-16,148233.9134109586,145039.3664970473,143330.64654301264
2020-10-19,147725.67298530403,144027.1587791572,142312.0846259818
2020-10-20,147777.74656116043,144069.22136677883,142361.84986993056
2020-10-21,148471.06075508404,144109.8786994199,142404.71183975053
2020-10-22,149562.10590455178,143684.81621773576,141993.9988328662
2020-10-23,148120.92771080023,143984.15714222583,142285.748317885
2020-10-26,,143273.53413254683,141552.52927795853
2020-10-27,147974.47731349553,143666.18365195696,141936.96478256956
2020-10-28,148360.68599153863,141126.8961873814,139405.39371589254
2020-10-29,145979.78275838398,141518.87176816876,139784.45329256853
2020-10-30,145393.66107251128,140358.38293376772,138639.28414787853
2020-11-02,146016.49637613265,141212.41598411536,139478.82352298367
2020-11-03,147416.97298070573,142201.17425735795,140456.413774784
2020-11-04,148249.41080508888,144702.2297027311,142937.7249096025
2020-11-05,148224.03279792535,146739.2420786256,144975.1264211103
2020-11-06,151592.72226402734,146441.4959330112,144688.36390109296
2020-11-09,151793.60239821492,144296.31218721205,142573.5374921099
2020-11-10,145197.72735990438,143666.14158644495,141929.95610676214
2020-11-11,,144504.32782126206,142787.40586709554
2020-11-12,145657.45221993825,144755.30014848436,142987.24187385422
2020-11-13,146528.0518470582,145569.1409987604,143814.71766606372
2020-11-16,147519.68210363443,146088.1137483831,144359.39748939744
2020-11-17,147519.91071794892,145921.8413177399,144177.26537403974
2020-11-18,146988.979528354,145272.45791359548,143508.51850408924
2020-11-19,146155.67304831103,145717.0649814847,143962.04475539282
2020-11-20,145895.86828467684,145664.82026674744,143881.68625882373
2020-11-23,146328.46305270566,145133.2574969167,143388.76949580756
2020-11-24,143499.09294658687,145274.99576562087,143600.52145916107
2020-11-25,,145305.63970139614,143640.36726192673
2020-11-27,141349.94435801872,145644.15943075492,144010.27019314416
2020-11-30,139957.96400162685,145338.5549144283,143719.8498781246
2020-12-01,139039.28531347745,146213.09199189796,144580.35622285577
2020-12-02,141911.21305232894,146300.0685706078,144674.89832082848
2020-12-03,142952.4965389094,146799.8217173603,145167.56922838613
2020-12-04,144063.72338301863,146661.30816227553,145040.1418170823
2020-12-07,143657.34989953355,147469.18947526577,145840.70937012165
2020-12-08,145765.73005424827,147894.90769092427,146261.87871230568
2020-12-09,146271.12931222146,146359.19989888556,144720.42813754696
2020-12-10,143802.14593732439,146673.2940069317,145022.61200811667
2020-12-11,143540.37917358207,146729.626452325,145077.47182092763
2020-12-14,143803.12390098028,146568.20449790612,144914.42445444784
2020-12-15,143023.39820762636,147587.20325218944,145933.58298079725
2020-12-16,144997.20992510088,147882.89042399309,146234.40204833914
2020-12-17,145784.26576997162,148474.5253504264,146834.94535151235
2020-12-18,147293.25295980583,148126.7865823053,146490.43800399412
2020-12-21,147041.42573961036,147988.90928841327,146344.57814083446
2020-12-22,146583.47958595052,147935.66618359205,146279.36044763785
2020-12-23,145450.51055629575,147808.1847694652,146162.19283103576
2020-12-24,146392.67996540485,148288.43356064847,146639.21894183382
2020-12-28,146972.71106281818,148745.00772373905,147091.42153247958
2020-12-29,146459.04467824762,148788.13792519295,147138.70371259647
2020-12-30,146980.64062834598,149123.7417417961,147475.9472127142
2020-12-31,148087.47111422548,149505.66760584846,147858.4413288608
2021-01-04,148632.62582827083,149303.2111250544,147670.72046868672
2021-01-05,151862.42250003168,149621.72568429785,147982.17799703576
2021-01-06,152305.44918615418,148288.5078835256,146658.89875532815
2021-01-07,149861.3127271502,149115.9931197754,147476.48347299392
2021-01-08,149527.61499560397,148550.17282148858,146916.4725628633
2021-01-11,144526.60142732493,147810.52994881797,146172.68972980717
2021-01-12,144239.1800782392,147937.67243629543,146295.10052312125
2021-01-13,145149.91191980624,148422.92821914508,146770.00551129342
2021-01-14,144550.66687824432,147866.74157753144,146222.4432736708
2021-01-15,144465.07661554706,147167.2184828745,145525.41098380322
2021-01-19,142706.22812634788,148172.17100789037,146519.9793429799
2021-01-20,143901.67191829364,149783.2836019826,148122.2874513784
2021-01-21,146212.732006273,149821.1855719369,148175.23433900447
2021-01-22,146119.29894206024,149489.92863270052,147842.13537623835
2021-01-25,144988.2715702655,150233.12740658163,148575.62887255536
2021-01-26,145127.80488930803,150099.2496904607,148447.7428739533
2021-01-27,144774.01662716919,148417.57217666178,146735.75415113618
2021-01-28,143845.16049729846,148709.22133380943,147033.07014344912
2021-01-29,143977.69491128987,147299.7946777983,145616.42493677212
2021-02-01,143895.21581429354,148834.25100387714,147141.3011528531
2021-02-02,145240.07884938308,149186.68177671125,147501.31497125854
2021-02-03,143510.93300364944,148787.3426573849,147108.8983886538
2021-02-04,143290.31889978994,148754.58849674946,147104.18035250762
2021-02-05,140266.36584345577,149019.88092858903,147370.46427416225
2021-02-08,141620.7544818275,149863.08889421477,148206.9525600097
2021-02-09,143026.54416766658,149959.5892581885,148298.23631357276
2021-02-10,143484.15160610166,150187.5251722852,148510.69303150775
2021-02-11,144003.58542825357,149973.1956721519,148316.6810400037
2021-02-12,142773.72120395838,149825.40335879236,148199.09991368005
2021-02-16,142342.01007401425,148832.02175716023,147244.97096852958
2021-02-17,140329.18235003494,148547.11599124366,146957.18657541907
2021-02-18,138773.41120329217,148168.75875731083,146575.70496850586
2021-02-19,138758.05922527667,147716.23629208066,146133.3377983495
2021-02-22,139309.21366393755,146940.71691767866,145315.55647464405
2021-02-23,141338.28432070054,146736.56212577765,145119.21738689713
2021-02-24,141017.2381663697,147088.523423268,145501.9788503192
2021-02-25,140922.1912331249,144317.49173270602,142732.36140351402
2021-02-26,138299.28478396125,144548.42717131154,142903.20764737605
2021-03-01,135056.55988551892,145687.02111323673,144089.1355473474
2021-03-02,134837.44698242916,145150.494541995,143543.14073807833
2021-03-03,135551.04671897483,143291.32736126534,141697.4917545387
2021-03-04,134063.89062791807,141998.31760752443,140420.34163841308
2021-03-05,132756.19120381464,143021.64709893113,141429.8136896942
2021-03-08,132852.491021791,141550.36183489248,139983.150210361
2021-03-09,131487.7396667311,144068.2110022944,142446.1866135233
2021-03-10,134258.06140648792,144367.33041664018,142744.65443467512
2021-03-11,134934.42459750103,145091.79097013726,143466.50872040636
2021-03-12,134823.5074674108,144274.27360361812,142676.16495218102
2021-03-15,134780.43393244376,145051.14430491973,143445.05069902996
2021-03-16,135371.60606566424,145084.0114657673,143483.22333657418
2021-03-17,135490.89485732518,145295.27148938374,143708.41066008585
2021-03-18,136436.8719169284,143519.27674339793,141934.57097861357
2021-03-19,135637.7868082054,143865.3184826842,142266.41384809237
2021-03-22,136198.6346000237,144917.3737367639,143297.6580845888
2021-03-23,136017.50419464562,144610.23231915408,142971.11598357672
2021-03-24,135043.05027352573,144231.18688879925,142581.18878213066
2021-03-25,135500.8078817639,144011.21915040104,142374.09750104172
2021-03-26,135012.64135098804,144888.49806222762,143258.60320051524
2021-03-29,135397.78898305394,144274.93470765252,142662.2647903696
2021-03-30,133806.44762923013,143708.54619425436,142093.42305488375
2021-03-31,131558.02260470344,144540.45298563092,142922.74648166445
2021-04-01,133521.90288408368,146190.25307924126,144544.28601308927
2021-04-05,135205.33796827515,147055.24564240992,145401.84187608733
2021-04-06,135165.05169643462,147458.67290472862,145797.90960654945
2021-04-07,136238.3500623317,147272.9504168933,145615.82980862274
2021-04-08,135855.61755682318,148279.91589804046,146616.3650829482
2021-04-09,137305.01160327854,148346.91085614925,146687.75207155079
2021-04-12,136288.5649451372,148123.46692215884,146466.99564233926
2021-04-13,135474.4915041773,148989.02484456988,147330.1149124418
2021-04-14,136432.2403039977,148305.29091309162,146642.24947184816
2021-04-15,135838.55586102256,150046.5450461807,148373.28244467176
2021-04-16,138023.782015085,150130.4035305029,148457.70102344264
2021-04-19,138837.0234312863,149538.82283012444,147862.80809637284
2021-04-20,138449.05106629268,149346.0666290906,147662.9999949942
2021-04-21,138930.03917483523,150240.40858640563,148556.2207579962
2021-04-22,140293.31973040255,149540.06480069345,147849.96385052934
2021-04-23,139392.22458798866,150058.69994472712,148368.8070129954
2021-04-26,138877.24354127405,150350.53541474591,148663.2461967081
2021-04-27,139241.69538350074,149875.80074198407,148191.3706109039
2021-04-28,138886.69463258152,149873.55152251336,148186.28320976224
2021-04-29,139287.96000713654,149959.94496723716,148277.45455528307
2021-04-30,138722.93654351745,149534.65205825717,147846.2470493482
2021-05-03,138260.15511211642,149845.9346083795,148149.13677781785
2021-05-04,140025.36605206112,149108.14659867634,147420.96633381883
2021-05-05,139012.2254222296,149189.9349640752,147505.37230691206
2021-05-06,139579.30381639805,150199.9236319629,148504.67964194572
2021-05-07,141877.63627841696,150784.42681822245,149081.82114274794
2021-05-10,143134.80630975123,149507.4542181054,147836.25634187894
2021-05-11,143541.55406966704,149035.2829440554,147371.36644988754
2021-05-12,143557.39930633426,147021.228821176,145398.45558820362
2021-05-13,142129.37368097223,147770.7493202354,146130.3243535847
2021-05-14,142712.47190122888,149420.13693340003,147740.49576480253
2021-05-17,144014.96056785368,149447.3958094014,147788.97068826898
2021-05-18,145660.5401443877,148969.80250333442,147329.65648530604
2021-05-19,145931.95822745902,148874.2754833623,147236.444283849
2021-05-20,146027.06459261873,150151.52029666462,148477.5131184611
2021-05-21,146699.91020665073,150073.41128656585,148405.16695146347
2021-05-24,146766.04979267044,151048.24300965623,149350.29585318943
2021-05-25,147034.17410043077,151576.91409324392,149883.58832880761
2021-05-26,148354.19568822024,151637.72423947163,149937.3048569837
2021-05-27,148101.34156595677,151430.14147816336,149736.41813485188
2021-05-28,148153.0708791859,151643.24077045178,149951.342111364
2021-06-01,148703.3415831433,151424.55696551007,149729.3443721878
2021-06-02,148307.20034321907,151752.28617666377,150053.22590325525
2021-06-03,149024.30243609566,150612.9496371237,148926.2879845778
2021-06-04,146142.34437022847,152139.68843802786,150433.11834048037
2021-06-07,147717.72061553242,152226.5055736818,150517.02474141633
2021-06-08,148298.24721726804,152369.99619730766,150660.650251854
2021-06-09,147854.3482010663,152536.88467747587,150829.27767545637
2021-06-10,147583.0635969536,153313.37542502003,151599.31193392037
2021-06-11,148221.4706638642,153046.9393517396,151340.36355939688
2021-06-14,146589.80978675754,152994.95565295027,151292.24726451648
2021-06-15,145744.96986290478,152589.3306474698,150889.3700609836
2021-06-16,145197.42338973194,151766.0163259179,150087.59632514292
2021-06-17,142778.74084389128,151662.7318304627,150039.88038427665
2021-06-18,138491.33181206946,151412.1863870581,149813.53614371468
2021-06-21,137742.16584139018,151900.52137219935,150243.25499015916
2021-06-22,139394.72214806336,152290.19082119374,150648.5461248028
2021-06-23,138829.3819224192,152172.5302538088,150531.26224727547
2021-06-24,138736.3474916201,152574.05443370476,150939.45753970952
2021-06-25,138660.36888105964,152423.64729097,150772.75391423723
2021-06-28,139103.70939163765,153170.19350015465,151534.2380458041
2021-06-29,139111.42023291992,153026.9468599834,151423.6459895462
2021-06-30,137677.746128982,153289.26409315673,151672.41060975482
2021-07-01,138336.01732746226,153578.32624341064,151946.65116440135
2021-07-02,138805.62977870973,154552.46127043996,152910.7385688456
2021-07-06,139714.1219024769,155142.62221086505,153494.35720204414
2021-07-07,140407.39548543497,155713.5602232546,154061.28188555592
2021-07-08,140943.02393093266,155373.43485002173,153725.76731977315
2021-07-09,140846.12002380984,155565.36170117476,153906.23641531155
2021-07-12,141299.33697205712,155716.54579175322,154056.25884894503
2021-07-13,141130.99610147421,155415.40759544325,153758.08157822193
2021-07-14,141302.41711903492,156205.0037903945,154540.22441350372
2021-07-15,142804.5982027449,156226.1234325198,154560.01534087758
2021-07-16,142832.006254606,155365.8765671408,153705.58427563473
2021-07-19,141460.85537764596,155370.45704701723,153723.89450669373
2021-07-20,141628.88277420364,155839.6930987827,154163.2793290046
2021-07-21,141454.57774221728,155819.13034085225,154129.75027991037
2021-07-22,140933.28424318586,156445.92246067745,154753.7646488548
2021-07-23,141216.39042394696,156828.67595736097,155130.2202522457
2021-07-26,140787.06512885843,156760.16394490324,155062.9828129519
2021-07-27,140457.7298471259,156658.61093410786,154956.81411334136
2021-07-28,140683.68832131935,156929.17803366028,155224.392583198
2021-07-29,141382.51089219894,157289.59331331472,155578.64570774167
2021-07-30,142922.5719267932,156872.72055423874,155163.59245705546
2021-08-02,141813.86075021132,157050.5229406674,155341.7104962297
2021-08-03,141646.99472040817,157490.8938282557,155776.45662038663
2021-08-04,141555.66030658854,157450.81795394287,155736.9181020532
2021-08-05,141588.65044224626,157565.00329797104,155849.5376624584
2021-08-06,141040.3633222657,156168.00127632823,154473.36494683955
2021-08-09,137560.74555591843,155531.4908587956,153859.2071244136
2021-08-10,135159.72363642228,155276.7439951529,153605.1087605162
2021-08-11,135195.5090427968,155706.76603620796,154015.30020894582
2021-08-12,137024.91595118455,155868.93209144392,154179.23726406743
2021-08-13,137058.95734694917,156974.0816596257,155255.83551306537
2021-08-16,139001.87396826613,157294.30631141976,155570.23961699603
2021-08-17,139685.8799863726,156754.14813051175,155030.9053290072
2021-08-18,139473.85192285283,156236.16245596277,154512.18852934695
2021-08-19,139574.34296511178,156574.02240187328,154848.3127615204
2021-08-20,139179.6514052431,157188.13006090376,155456.9558375561
2021-08-23,139262.42643548182,158293.98022773178,156548.51105317986
2021-08-24,140939.82935704413,158179.73340608555,156438.0540654794
2021-08-25,140869.76778205828,157803.03265558332,156072.47640230373
2021-08-26,139903.31470597876,157536.69269049,155799.48106904957
2021-08-27,140056.1998671294,158812.55540863206,157060.38102306795
2021-08-30,142137.17262151718,159234.7883243972,157487.2615746191
2021-08-31,141457.52050288106,159008.79819370797,157263.6221386797
2021-09-01,141729.09993151797,159133.59873252857,157385.10268745854
2021-09-02,141739.62578148703,159273.8523636896,157523.95839194814
2021-09-03,141375.95853589696,159412.20281136228,157658.04574573474
2021-09-07,142852.31003160932,158450.00314579078,156704.4875728233
2021-09-08,140099.92025641372,158440.26599448128,156692.66496783536
2021-09-09,139758.63099001342,158719.22212754123,156965.7152403434
2021-09-10,140372.22154290744,157784.71990537277,156041.05656746743
2021-09-13,139660.14519729372,158140.77147678446,156393.1614337464
2021-09-14,140125.76181458382,158467.23639378144,156719.89893876028
2021-09-15,141018.706475195,158670.56373088318,156913.60679532113
2021-09-16,140209.790486168,157781.02453694367,156038.19028818182
2021-09-17,137084.8330368909,156895.47262399338,155160.53231185878
2021-09-20,136859.28371266747,156337.21780196833,154615.14920226278
2021-09-21,137814.94517673316,156527.74742927798,154800.15196498198
2021-09-22,138718.59608573987,157195.36628302105,155454.67046694155
2021-09-23,138221.1685352384,156793.9892174067,155029.183497229
2021-09-24,136644.31244568768,156525.49026660042,154760.6281165797
2021-09-27,136464.98385675915,156136.16353778163,154373.69237574528
2021-09-28,136736.82036172473,153833.37314544964,152104.73923129635
2021-09-29,135405.46082308798,153749.49240178106,152024.44025047877
2021-09-30,134810.4980020242,153811.99859217802,152080.15718660233
2021-10-01,137179.50667801363,154693.7834851084,152940.8719705592
2021-10-04,137496.08578980187,153708.5748618157,151963.428292986
2021-10-05,138112.87199655635,154006.2193024055,152248.70379740055
2021-10-06,137484.000167192,154587.7102936061,152823.25140024623
2021-10-07,137852.30208948435,154655.14046513868,152893.09591225267
2021-10-08,137136.94519567583,154241.19231103305,152484.56788783587
2021-10-11,,153641.97904976632,151888.43866590474
2021-10-12,137186.65945700978,154126.12430528985,152356.8379765621
2021-10-13,137806.37506101272,155332.2001596643,153548.4469831896
2021-10-14,140231.939740845,156618.30717602017,154820.3987181275
2021-10-15,140586.58983316092,156368.2135431223,154576.15288121806
2021-10-18,138392.1114462058,156844.371833036,155052.48489248796
2021-10-19,138063.30552546438,156991.83980653944,155210.61510007584
2021-10-20,138492.2944660039,157140.27097828986,155361.05396283104
2021-10-21,139678.9031587035,157345.64971552353,155572.8451570708
2021-10-22,139557.5255279243,157590.52593145575,155793.12905512893
2021-10-25,,158249.1902610275,156456.41845356594
2021-10-26,140402.29644000612,158407.7174915079,156608.9300794224
2021-10-27,139390.85556983817,159000.4675156153,157179.0921470392
2021-10-28,139765.72798033291,159545.25931123891,157735.14464348534
2021-10-29,139738.3366828972,159587.24518143604,157786.2544879278
2021-11-01,138576.36702869728,159688.07681333742,157886.65674581862
2021-11-02,139282.49691444729,160026.7632943593,158220.6191390195
2021-11-03,138997.21098119303,159962.16590175405,158160.69604278225
2021-11-04,137860.58352368503,161227.88981738538,159412.1526951557
2021-11-05,139415.46194074096,162271.11515230092,160437.07097094928
2021-11-08,141210.114789248,162307.58576024856,160473.14265799176
2021-11-09,141702.22700807487,162559.43084900567,160716.82578883547
2021-11-10,142391.09181346206,161578.68631597,159745.3319629014
2021-11-11,,161811.7947619121,159980.51142372462
2021-11-12,143883.17032667747,162318.68262344805,160483.21985556342
2021-11-15,144154.62121025554,161861.56765931912,160037.07128276982
2021-11-16,143923.61762830024,161903.69347800402,160076.093895415
2021-11-17,142903.31465849542,162397.5714769997,160563.02085406694
2021-11-18,144192.570963793,162865.26855744483,161023.50070841273
2021-11-19,143746.74602873792,163080.50783742988,161225.7489161869
2021-11-22,142678.07123278736,161493.2882226261,159643.76307499557
2021-11-23,139523.27407377466,160645.36357614808,158810.44737512496
2021-11-24,138327.1998639423,161313.89689356028,159461.29148790357
2021-11-26,,160745.81346574548,158866.57922244567
2021-11-29,138211.6139994644,161538.06989423203,159647.78529239027
2021-11-30,138032.21389410328,160694.30833876083,158806.11450999626
2021-12-01,137115.12640960357,160125.70769189735,158242.225390955
2021-12-02,137636.07055120615,160712.55229589803,158814.4727414869
2021-12-03,136901.65452485916,160524.94901752545,158635.85671711515
2021-12-06,138014.675044902,160642.48437578708,158734.44100842287
2021-12-07,137677.2151230835,162126.11214773555,160186.33556143122
2021-12-08,138179.76290300942,161811.13160686233,159883.2114832576
2021-12-09,138241.31993058402,161105.55817934062,159172.12767115727
2021-12-10,137403.48630837508,161814.43928097715,159879.2980406121
2021-12-13,137979.1861543186,161623.0234085982,159669.81634559992
2021-12-14,138321.54316761758,160687.08197581582,158743.70399758584
2021-12-15,137041.20525430277,161747.68770044725,159791.42028776975
2021-12-16,137626.10399694514,161040.31326176182,159082.30843036782
2021-12-17,139251.41151144114,160829.9649431046,158863.52765502446
2021-12-20,138959.49942406875,159795.9075991361,157843.8427469883
2021-12-21,138366.5955235186,160946.5303292559,158966.8643001531
2021-12-22,138322.59622189918,162111.9266714571,160119.76618721717
2021-12-23,139614.88216356034,162349.84987817568,160363.1106223258
2021-12-27,139922.63510494065,163501.57723413556,161511.15665623947
2021-12-28,140263.32569651655,163049.8044946088,161065.98693809868
2021-12-29,139663.6631802663,162723.65931873652,160756.86418959303
2021-12-30,139613.60734223554,163042.95635337388,161058.15077260914
2021-12-31,140602.565243461,163043.87986662422,161055.85430295783
2022-01-03,141544.10506746828,162183.0534211086,160226.8771028635
2022-01-04,139393.2984959027,161855.54580676308,159897.3828191499
2022-01-05,140388.1236199701,159960.54159857152,158017.63687455864
2022-01-06,139950.7060666579,159602.0028039812,157659.2028851353
2022-01-07,138277.97590184852,159048.73266598344,157119.08393092992
2022-01-10,138881.86794772363,159205.06382826733,157272.18798977393
2022-01-11,139296.13240015577,160563.873090029,158605.34249452318
2022-01-12,140954.66244566452,160742.78895221997,158783.53324627748
2022-01-13,141318.43286946858,159671.8805225803,157725.48817547105
2022-01-14,140840.50693929158,159303.3943302324,157356.57523418588
2022-01-18,140430.7592705659,157430.59433511074,155530.2233003173
2022-01-19,140176.92077878996,157487.22630901344,155608.5713526148
2022-01-20,142363.84308773107,156847.928912858,154995.041746692
2022-01-21,142009.8770095354,155633.43852577594,153849.88583123498
2022-01-24,141544.543965686,155817.77694453768,154021.19055485268
2022-01-25,142306.3453361831,154764.19304061192,153047.41113431565
2022-01-26,142738.78073535356,153763.37654060093,152030.1012181085
2022-01-27,140459.03940456768,153464.2938048826,151746.31640990791
2022-01-28,138684.52466540516,155108.53148217106,153255.82528354085
2022-01-31,138296.91231982378,156682.7073272046,154732.3843847852
2022-02-01,139118.63780762308,157032.54574182804,155061.15848365918
2022-02-02,139235.60640985807,157813.07769091107,155833.6616540629
2022-02-03,139742.381972014,155503.14850210038,153538.03379304902
2022-02-04,139518.099044539,155619.92896109252,153646.61619771368
2022-02-07,139722.47125993628,155520.21955330425,153551.80984346947
2022-02-08,140736.8181905902,156012.71135131738,154038.305862102
2022-02-09,141160.80997436558,157295.3869064992,155304.19915365698
2022-02-10,141646.15391716047,155378.824122269,153413.37565866177
2022-02-11,141090.82236393643,154841.67158065192,152881.2257162826
2022-02-14,143729.6080981939,154550.79733635357,152607.3354044029
2022-02-15,144475.44695972066,155176.07778551665,153190.58650001182
2022-02-16,143129.6992222158,155708.94281954563,153721.86910064888
2022-02-17,144582.92002028567,154783.19839378062,152831.31381030616
2022-02-18,146514.20651669998,154535.69149926878,152593.13268754855
2022-02-22,146408.70402278632,154033.0223945013,152121.1192927496
2022-02-23,146702.1459789172,152414.51465195205,150593.36859071953
2022-02-24,147322.76930003313,153721.07449330075,151781.49300081475
2022-02-25,146407.61839711154,154799.0425008957,152797.41391871317
2022-02-28,145943.52173401826,155808.74959534276,153795.08836472494
2022-03-01,147448.20729856126,155791.77468593002,153837.40813721606
2022-03-02,150066.55915190995,155492.82918703184,153507.67558682963
2022-03-03,148518.30937931823,155401.29545985072,153410.3055445346
2022-03-04,149384.83355304907,155724.39285375425,153736.25807086713
2022-03-07,151716.567489232,153885.6870993565,151972.64417463378
2022-03-08,153868.80437182545,154038.94928414642,152183.1509707625
2022-03-09,157979.6541208889,154756.7168059583,152723.49055946176
2022-03-10,153391.56104926433,153922.35683450746,151922.90609713265
2022-03-11,153843.83952872033,152776.39680500087,150802.44654396013
2022-03-14,152769.32149688623,150786.71873826496,148852.54386299566
2022-03-15,150483.21999921644,151779.10218110165,149745.41094793886
2022-03-16,147751.58602602914,154068.53014656377,151971.355403428
2022-03-17,148686.45041968106,154756.4233542988,152663.08563367528
2022-03-18,149400.19291253563,155829.25732326432,153703.8676249736
2022-03-21,148144.1236450903,155241.46405709072,153155.24620175874
2022-03-22,149217.40194947724,155592.05660659954,153540.19922789995
2022-03-23,148166.24972810745,155851.0986453337,153718.9814334185
2022-03-24,150152.80176071762,156993.11593117032,154884.6445775141
2022-03-25,151226.11600450848,156553.23350063435,154482.63203359314
2022-03-28,150610.34871101164,156955.28797163517,154871.02626661895
2022-03-29,147934.12066834775,158137.79165689595,156060.09029864063
2022-03-30,148016.38850979626,158097.00467380343,155970.26619782246
2022-03-31,149187.5882849826,157310.33810195827,155152.31919635108
2022-04-01,149236.4246494224,157252.84518308644,155083.3536480639
2022-04-04,148306.30862140906,158100.78530883833,155917.6608328245
2022-04-05,149017.2539401786,156083.9533631265,153923.7976425766
2022-04-06,148065.85448638673,154911.68643561855,152767.6000495282
2022-04-07,148390.32960824523,155033.81732273215,152893.44959268183
2022-04-08,148938.17360190512,154373.08470998102,152256.28605184902
2022-04-11,149842.0356659956,152776.6923895111,150709.7135553834
2022-04-12,150544.7488793321,152735.1167700546,150683.40788788736
2022-04-13,151677.4316588253,153917.05930978496,151831.59208817277
2022-04-14,152402.60263762285,152105.48338499886,150082.99666801278
2022-04-18,151878.20708563947,152084.43308624334,150074.36198386995
2022-04-19,152335.56489627867,152564.9821645653,150514.17384119504
2022-04-20,150100.10081559335,152863.5711267593,150779.6475126968
2022-04-21,150833.65562385667,151430.5440185836,149386.7170858295
2022-04-22,150288.19988672156,149318.62528733653,147326.41437855642
2022-04-25,148826.85698641435,149640.07994735512,147582.510932863
2022-04-26,146205.9253202407,147993.35301193863,146001.49416629542
2022-04-27,146406.97004048142,147440.48669589768,145452.61185792196
2022-04-28,145309.06716346458,149433.07339298565,147342.2594917446
2022-04-29,146100.58734356685,146595.34016095687,144622.8475835495
2022-05-02,146045.35947233165,146205.02041574972,144178.4369804862
2022-05-03,143373.3304973533,146639.5813080384,144604.63347162897
2022-05-04,143754.31562743883,148987.31024517605,146939.62776024445
2022-05-05,145170.07647662392,145492.1269167765,143434.52884699934
2022-05-06,144577.91271394992,144597.15484750268,142558.1577151493
2022-05-09,144796.6424829715,142380.6402440273,140349.72072191673
2022-05-10,142721.9353513995,142810.17026599814,140761.03685624985
2022-05-11,141547.2614100854,142287.87448132757,140257.05456490794
2022-05-12,142684.75454198246,141706.6071306837,139683.4156861894
2022-05-13,140527.3653559924,142788.33110703158,140692.77354170475
2022-05-16,139415.50725438097,142584.27153045955,140489.36649002187
2022-05-17,140710.02635403982,143383.25661713275,141263.44586465455
2022-05-18,139845.58123893186,141446.06791168815,139327.40259231612
2022-05-19,139897.92784102488,141609.88597110708,139495.07008648728
2022-05-20,141891.32882208275,141875.4605179057,139766.02365558804
2022-05-23,141998.04407132775,142543.22280272754,140378.58945216864
2022-05-24,142646.095943489,142506.7701078314,140370.63138358135
2022-05-25,143682.12671777874,143098.29434749472,140928.23436004075
2022-05-26,142855.34636796775,144283.30443231802,142049.69483769548
2022-05-27,142614.13791884773,146016.431394576,143732.0988169984
2022-05-31,142724.30394564432,144860.23584759887,142594.55549574725
2022-06-01,141311.8985301399,144559.61841158857,142290.41133523418
2022-06-02,142191.4962872113,146272.78499349186,143972.24258900926
2022-06-03,143934.52106119215,144676.8976024409,142391.44630137883
2022-06-06,142478.21621206723,144195.05467835107,141915.82560075336
2022-06-07,141848.15078183103,145219.88951581417,142921.8447805463
2022-06-08,142774.0537855487,144408.23840556992,142124.14507135883
2022-06-09,142630.51567021414,142949.41307760603,140685.41075364244
2022-06-10,142169.5250200242,141305.2157093638,139102.65746185978
2022-06-13,144019.84896329476,137261.794605033,135171.76030701303
2022-06-14,140225.29198934938,136650.45125480555,134559.73143571813
2022-06-15,139109.95653296457,138601.55686635172,136442.2521506236
2022-06-16,140929.73046805622,137097.47278028956,135055.69557928044
2022-06-17,142466.01863441843,137352.87324080872,135267.1555362131
2022-06-21,141320.85352830068,138171.63361556266,135977.30330109055
2022-06-22,140809.2511647205,138961.36000153364,136758.4351281448
2022-06-23,141382.51880886094,139708.18725974925,137455.95074741222
2022-06-24,140560.77984012562,141136.7132939046,138776.0578747855
2022-06-27,140462.53852855132,140534.27853773028,138190.04714991138
2022-06-28,140288.16193636387,139201.07547946146,136907.27481880886
2022-06-29,140030.59260828668,139622.18740989082,137322.2941360599
2022-06-30,139943.11321712146,139132.12817055127,136862.97353879036
2022-07-01,139103.92411736646,139871.89213718657,137570.90031706364
2022-07-05,139037.12159681635,140032.64210944207,137734.49897763337
2022-07-06,136455.55778142385,139395.41592039925,137118.30596903554
2022-07-07,134412.07732135517,140179.6849228959,137911.70201066314
2022-07-08,134534.2700023879,139888.2601000309,137630.2099934744
2022-07-11,134574.23603737797,139298.3281303746,137008.75878806433
2022-07-12,133828.08336313994,138841.3886790822,136551.0626936634
2022-07-13,133315.11289265682,139084.6200364891,136783.60256704243
2022-07-14,133862.5901766161,138506.28043763147,136228.32859720505
2022-07-15,132246.97241502308,139640.7861788553,137365.56250241873
2022-07-18,132266.15850232495,138906.6814775837,136626.69555295492
2022-07-19,132230.0039577991,140428.13793678963,138158.17510853245
2022-07-20,132646.9049674393,140864.67604300746,138631.83114198758
2022-07-21,131557.47811125717,142447.9159502078,140190.6816802176
2022-07-22,133406.45753124688,142239.2284943249,139933.79697406397
2022-07-25,133480.74179427698,141750.32252184761,139447.27358612893
2022-07-26,133046.60280259396,140851.14643980464,138527.2354614849
2022-07-27,132764.66849222698,142906.86014359797,140590.55754746188
2022-07-28,134127.5443273122,144128.4212323163,141797.96490959334
2022-07-29,135744.6010628276,145079.6630201435,142779.97849294604
2022-08-01,136156.93504954886,145834.47253116177,143487.2462845163
2022-08-02,136925.04277819107,144762.08458084337,142422.68007124367
2022-08-03,136093.57071314767,146538.25183547812,144168.10595275828
2022-08-04,136514.2977955556,147133.09852213608,144751.41538352528
2022-08-05,138706.40749261822,145806.24003500093,143439.127218924
2022-08-08,137150.6537289228,146395.8352892867,144013.19995261135
2022-08-09,138296.32149152976,145923.93658323959,143547.72381638162
2022-08-10,138692.50151350276,147095.5433495296,144694.53857878534
2022-08-11,138401.94293434417,146170.54675584286,143790.8460492811
2022-08-12,138020.152515663,147802.66778892843,145405.89035885944
2022-08-15,139294.50874649364,147757.43126839775,145369.34806645417
2022-08-16,137549.40191801815,147819.94663067226,145426.02353391767
2022-08-17,137316.41457949273,146773.0749948073,144390.80862456976
2022-08-18,136427.40107241206,146903.6921228763,144522.61844498033
2022-08-19,136082.36462209138,145250.5220351821,142886.41964101803
2022-08-22,135076.38847027393,143590.3566687004,141227.63257970175
2022-08-23,134172.7240099783,143542.447938737,141182.9789542359
2022-08-24,135084.30624859294,143589.46685304155,141238.0031964839
2022-08-25,135471.13982154135,144996.07713067514,142616.45710753786
2022-08-26,135906.7380822309,142694.64920454417,140306.713130296
2022-08-29,134250.5150155074,142003.62540664655,139632.65454675624
2022-08-30,134317.9554859973,141214.4084729861,138858.08654907392
2022-08-31,133209.9366870913,140347.10261416103,138010.98362269314
2022-09-01,132186.90834303322,139686.99978695696,137364.31829169273
2022-09-02,131038.77144966763,139401.73785094568,137076.39593435134
2022-09-06,132162.92388933388,138245.45978844588,135943.85437837546
2022-09-07,131386.53874356468,140019.1588480606,137679.54156739468
2022-09-08,132725.91708388718,139892.05422524374,137560.827598763
2022-09-09,131942.74378424356,141148.34267698418,138806.18071634497
2022-09-12,132642.70687512663,141698.3766981416,139368.40069868832
2022-09-13,133307.12150746922,138593.79362401884,136233.08516369358
2022-09-14,131559.4516507606,138908.0716524576,136538.52743785008
2022-09-15,131069.63679781283,137595.58585294406,135244.8453636035
2022-09-16,128655.22720492423,137145.69604307722,134804.33763121354
2022-09-19,129344.91218152324,137652.1837851953,135299.4330829268
2022-09-20,129452.22922253689,136690.15374505316,134358.5033511659
2022-09-21,128710.62572245287,136308.68223237508,133975.75757243918
2022-09-22,129289.8889628975,135036.86737397805,132737.9954883319
2022-09-23,129192.01923350802,133790.8081970215,131519.52947292378
2022-09-26,126996.41461901224,132592.72520575445,130350.98918928913
2022-09-27,125533.51075667389,131889.34284330634,129672.17581695871
2022-09-28,125755.13886163557,134374.1725212118,132069.78025840232
2022-09-29,128348.17838905609,132901.04703067816,130650.07865235278
2022-09-30,128300.03601033233,131688.20076657334,129491.05206497476
2022-10-03,128283.44141691813,134067.63314405893,131788.4433024679
2022-10-04,131369.86595409634,136058.1577815253,133758.54874701647
2022-10-05,133245.58768585278,135571.9122218413,133282.8269638093
2022-10-06,132514.41024945866,134899.9590358902,132613.65415469892
2022-10-07,132354.67150419333,132564.1096273622,130285.10769273914
2022-10-10,,131283.8498719026,129026.66408424026
2022-10-11,130896.16184039123,130819.01727033936,128564.75128101472
2022-10-12,130616.40483689847,130994.47109926246,128735.90911042174
2022-10-13,131299.9425055957,131868.28486762597,129590.74808660707
2022-10-14,130434.15821578809,129928.3664372598,127672.73580971206
2022-10-17,128795.53848931003,131400.0412012368,129122.63696746988
2022-10-18,129187.7468307547,132039.5752193253,129759.59788973046
2022-10-19,129474.42489548898,130919.11673824867,128672.4442456256
2022-10-20,127754.08948360047,130081.74816985575,127861.3692870197
2022-10-21,127533.81798286446,131323.6755048562,129139.80156432296
2022-10-24,,131631.74300927974,129486.54338827895
2022-10-25,129769.9981872354,133427.91051241787,131227.7636773744
2022-10-26,130127.21109170554,133193.915713864,130922.63611672036
2022-10-27,130918.04734828902,132809.19350383393,130504.98366592005
2022-10-28,130699.37480805106,133797.72076513755,131532.5734437114
2022-10-31,129477.70156039193,132879.2697058522,130623.39127353029
2022-11-01,128421.51143907201,133018.7083318806,130714.96833010914
2022-11-02,129702.38795864287,131138.18923083867,128878.05225842491
2022-11-03,128773.02205142392,130126.37094738083,127899.96261516916
2022-11-04,128263.74692579318,131283.57497418998,129019.67691005037
2022-11-07,132126.07435093957,131459.8050667114,129176.26489905757
2022-11-08,131619.71440406027,132690.46993740884,130397.21846627649
2022-11-09,134611.3825026795,131495.08171805282,129237.05798221871
2022-11-10,133925.24798631523,136705.33959805692,134286.70242545079
2022-11-11,,137551.7039507455,135119.75558666373
2022-11-14,138091.04627875148,137067.165142359,134647.88347061916
2022-11-15,138343.32237559877,138227.78189420688,135784.13530562987
2022-11-16,138882.9178799789,138183.13738928625,135735.58650005615
2022-11-17,138536.62150377003,137547.6012150086,135099.1795834345
2022-11-18,137558.050449957,137297.15966586096,134841.3409275306
2022-11-21,136673.83504528707,136877.0778047711,134426.63104893832
2022-11-22,135905.94766962214,138067.8476231737,135593.7678543686
2022-11-23,136234.34703686676,139182.7608895765,136699.11973869108
2022-11-25,137153.22885317597,138925.47346295425,136445.6191056401
2022-11-28,,137935.64474996805,135475.53895808864
2022-11-29,137215.7346698628,137499.76477763415,135043.56127132487
2022-11-30,137839.76910771654,140175.9009641055,137651.4308805826
2022-12-01,139659.60527939707,141615.9927079675,139091.45367311643
2022-12-02,142168.18481305553,141726.237400975,139207.83212595998
2022-12-05,141703.3414238958,139859.7710190746,137372.55488597156
2022-12-06,139289.1452193994,139318.91686228887,136869.6947044831
2022-12-07,139583.11235041378,140076.30255365683,137652.5342478669
2022-12-08,140806.3894528309,140584.32846612087,138125.00589165132
2022-12-09,140943.17391905593,139563.22154015658,137090.745572114
2022-12-12,141392.35151938628,140174.6556011962,137666.7551727064
2022-12-13,140285.83598158255,141448.00806423894,138918.4575465084
2022-12-14,142632.54355620226,141106.83945723495,138596.6023897801
2022-12-15,142281.43754336154,139130.98423173354,136701.02065537177
2022-12-16,139961.64477049556,138473.72321408242,136062.26158935274
2022-12-19,141115.91095469057,137308.73535604266,134919.1832942361
2022-12-20,140695.47893491623,137298.01423030562,134897.22697000403
2022-12-21,142936.6820127281,138135.49520945354,135679.46595235707
2022-12-22,142738.42030309056,136738.82266807076,134342.50934782767
2022-12-23,141034.63368855946,136636.22549533026,134219.20940910256
2022-12-27,141441.26416293514,135832.12137895494,133452.63320019716
2022-12-28,142571.98723594446,134858.3118007137,132522.74940924038
2022-12-29,141924.3497662213,136473.1268984916,134055.76632856537
2022-12-30,142735.4999624388,136206.42563946234,133800.01100246765
